{"cameraMode":{"drawMode":0,"name":"Shaded","section":"Shading Mode"},"sceneLighting":false,"audioPlay":false,"sceneViewState":{"showFog":false,"showMaterialUpdate":false,"showSkybox":false,"showFlares":false,"showImageEffects":false,"showParticleSystems":false,"showVisualEffectGraphs":true,"m_FxEnabled":true},"in2DMode":false,"pivot":{"x":-0.0003579258918762207,"y":0.5704441070556641,"z":0.007194027304649353},"rotation":{"x":0.06288568675518036,"y":-0.10993213951587677,"z":0.006962321233004332,"w":0.991978108882904},"size":0.8520980477333069,"orthographic":false}