{"cameraMode":{"drawMode":0,"name":"Shaded","section":"Shading Mode"},"sceneLighting":false,"audioPlay":false,"sceneViewState":{"showFog":false,"showMaterialUpdate":false,"showSkybox":false,"showFlares":false,"showImageEffects":false,"showParticleSystems":false,"showVisualEffectGraphs":true,"m_FxEnabled":true},"in2DMode":false,"pivot":{"x":-0.0003579258918762207,"y":0.5709232091903687,"z":0.007194027304649353},"rotation":{"x":0.017662761732935907,"y":-0.8474028706550598,"z":0.02823493257164955,"w":0.5300113558769226},"size":0.8517503142356873,"orthographic":false}